"sep=;"
Id;Label;Category
0;"""ucalgary""";
1;"""depression""";
2;"""NFL_Draft""";
3;"""RepLadies""";
4;"""ESFP""";
5;"""UBC""";
6;"""csMajors""";
7;"""LiverpoolFC""";
8;"""Stadia""";
9;"""thanosdidnothingwrong""";
10;"""darksouls3""";
11;"""askgaybros""";
12;"""Memes_Of_The_Dank""";
13;"""emulation""";
14;"""EMDR""";
15;"""unpopularopinion""";
16;"""LawCanada""";
17;"""CallHerDaddy""";
18;"""newzealand""";
19;"""Hijabis""";
20;"""aznidentity""";
21;"""spelunky""";
22;"""arcticmonkeys""";
23;"""ufc""";
24;"""CanadianMOMs""";
25;"""u_EmaadHasan18""";
26;"""FoodPorn""";
27;"""aggies""";
28;"""physicshomework""";
29;"""Xboxnews""";
30;"""Wealthsimple_Trade""";
31;"""Kaiserposting""";
32;"""ghostoftsushima""";
33;"""infertility""";
34;"""qatar""";
35;"""learnprogramming""";
36;"""SmallYTChannel""";
37;"""anesthesiology""";
38;"""Speedskating""";
39;"""powerlifting""";
40;"""incremental_games""";
41;"""Dentistry""";
42;"""software""";
43;"""NelkFilmz""";
44;"""AppleMusic""";
45;"""pcmasterrace""";
46;"""TeenAmIUgly""";
47;"""singapore""";
48;"""gradadmissions""";
49;"""DunderMifflin""";
50;"""Flights""";
51;"""AlexeiIsAlive""";
52;"""crime""";
53;"""Healthygamergg""";
54;"""hoi4""";
55;"""conspiracy""";
56;"""FreeGamesOnSteam""";
57;"""anticentrism""";
58;"""u_WutangClangz""";
59;"""GameTheorists""";
60;"""resumes""";
61;"""Dreams""";
62;"""cats""";
63;"""digitalfoundry""";
64;"""learn_arabic""";
65;"""Witcher3""";
66;"""laptops""";
67;"""UofC""";
68;"""TheYouShow""";
69;"""patientgamers""";
70;"""Cooking""";
71;"""RandomActsOfMuffDive""";
72;"""shittyfoodporn""";
73;"""seoul""";
74;"""houston""";
75;"""Shrek""";
76;"""PS5""";
77;"""onguardforthee""";
78;"""wholesomememes""";
79;"""HydroHomies""";
80;"""TooAfraidToAsk""";
81;"""Seiko""";
82;"""Kaiserreich""";
83;"""PinkpillFeminism""";
84;"""Supernatural""";
85;"""motogp""";
86;"""UFOs""";
87;"""Eyebleach""";
88;"""premed""";
89;"""statistics""";
90;"""alberta""";
91;"""u_I-LoveTheWitcher""";
92;"""ESFJ""";
93;"""u_another-reddit-user2""";
94;"""notopbutok""";
95;"""Banff""";
96;"""BabyBumps""";
97;"""gaming""";
98;"""kindness""";
99;"""CODWarzone""";
100;"""LifeProTips""";
101;"""Supremacy1914""";
102;"""Mcat""";
103;"""PublicFreakout""";
104;"""vancouver""";
105;"""socialanxiety""";
106;"""TrueAskReddit""";
107;"""MBTIPlus""";
108;"""BanVideoGames""";
109;"""XiaomiMi8""";
110;"""vegan""";
111;"""ptsd""";
112;"""pcgaming""";
113;"""Journalism""";
114;"""porn""";
115;"""CanadianForces""";
116;"""rprogramming""";
117;"""nottheonion""";
118;"""dontputyourdickinthat""";
119;"""AskHistorians""";
120;"""namenerds""";
121;"""bioinformatics""";
122;"""masseffect""";
123;"""calculus""";
124;"""malefashionadvice""";
125;"""XboxSeriesX""";
126;"""aww""";
127;"""investing""";
128;"""LogitechG""";
129;"""SeriesXbox""";
130;"""XboxSeriesS""";
131;"""Showerthoughts""";
132;"""thinkpad""";
133;"""lost""";
134;"""whatisthisanimal""";
135;"""MuslimMarriage""";
136;"""ShadowPC""";
137;"""volleyball""";
138;"""buildapc""";
139;"""FinalFantasy""";
140;"""mercedes_benz""";
141;"""INTP""";
142;"""mac""";
143;"""Futurology""";
144;"""Whatcouldgowrong""";
145;"""linguistics""";
146;"""homegym""";
147;"""dwarffortress""";
148;"""study""";
149;"""SofiawithanF""";
150;"""alzhang8""";
151;"""EDC""";
152;"""Bestbuy""";
153;"""TorontoRenting""";
154;"""GoogleWiFi""";
155;"""FifaCareers""";
156;"""microsoft""";
157;"""chemistryhomework""";
158;"""SportSelecters""";
159;"""Indian_Academia""";
160;"""ISTJ""";
161;"""Fitness""";
162;"""ZodiacKiller""";
163;"""probabilitytheory""";
164;"""FosterThePeople""";
165;"""marvelstudios""";
166;"""premeduk""";
167;"""estp""";
168;"""NewTubers""";
169;"""TIHI""";
170;"""distantsocializing""";
171;"""funny""";
172;"""DesignerReps""";
173;"""Calgary""";
174;"""isfj""";
175;"""csgomarketforum""";
176;"""FashionRepsBST""";
177;"""LateStageCapitalism""";
178;"""AmongUsFriendFinder""";
179;"""TheStrokes""";
180;"""anime_titties""";
181;"""AlternativeHealth""";
182;"""assassinscreed""";
183;"""Naruto""";
184;"""iPhoneX""";
185;"""CESB""";
186;"""geegees""";
187;"""kia""";
188;"""reddeadredemption""";
189;"""metacanada""";
190;"""UCalgary""";
191;"""PERSoNA""";
192;"""FortniteCompetitive""";
193;"""anime""";
194;"""pics""";
195;"""paradoxplaza""";
196;"""spotify""";
197;"""AIfreakout""";
198;"""Office365""";
199;"""picsofthingsincalgary""";
200;"""cs50""";
201;"""IWantOut""";
202;"""dontdeadopeninside""";
203;"""Anki""";
204;"""unexpectedfactorial""";
205;"""AskWomen""";
206;"""freecheggresults""";
207;"""AskPhysics""";
208;"""photoshopbattles""";
209;"""French""";
210;"""ucla""";
211;"""Edmonton""";
212;"""drawing""";
213;"""headphones""";
214;"""HomeworkHelp""";
215;"""xboxone""";
216;"""askSingapore""";
217;"""stockx""";
218;"""MBTIDating""";
219;"""Cringetopia""";
220;"""premedcanada""";
221;"""mountandblade""";
222;"""JapanTravel""";
223;"""unimelb""";
224;"""melbourne""";
225;"""curlyhair""";
226;"""RStudio""";
227;"""hiphopheads""";
228;"""MECoOp""";
229;"""TNOmod""";
230;"""bannersaga""";
231;"""math""";
232;"""RepTime""";
233;"""Horses""";
234;"""teenagers""";
235;"""Minecraft""";
236;"""Markiplier""";
237;"""VALORANT""";
238;"""BoJackHorseman""";
239;"""EnglishLearning""";
240;"""school_memes""";
241;"""writing""";
242;"""comedyheaven""";
243;"""takemysurvey""";
244;"""legaladvice""";
245;"""FemaleDatingStrategy""";
246;"""pokemontrades""";
247;"""CFA""";
248;"""shaw""";
249;"""DiagnoseMe""";
250;"""IncreasinglyVerbose""";
251;"""HaircareScience""";
252;"""CalgaryFlames""";
253;"""MemeTemplatesOfficial""";
254;"""piercing""";
255;"""madlads""";
256;"""HentaiBreeding""";
257;"""Gamingcirclejerk""";
258;"""Destiny""";
259;"""chemhelp""";
260;"""hentai""";
261;"""DontFundMe""";
262;"""FORTnITE""";
263;"""OnePiece""";
264;"""Forex""";
265;"""cyberpunkgame""";
266;"""AskOldPeople""";
267;"""skipthedishes""";
268;"""Fallout""";
269;"""IllegalLifeProTips""";
270;"""sadcringe""";
271;"""FamilyMedicine""";
272;"""modernwarfare""";
273;"""mildlyinfuriating""";
274;"""videos""";
275;"""Supplements""";
276;"""telus""";
277;"""oasis""";
278;"""UniversityOfHouston""";
279;"""EngineeringGradSchool""";
280;"""amazon""";
281;"""snoovatars""";
282;"""gamingsuggestions""";
283;"""betterCallSaul""";
284;"""HIMYM""";
285;"""textbookrequest""";
286;"""PewdiepieSubmissions""";
287;"""solotravel""";
288;"""Polcompball""";
289;"""microgrowery""";
290;"""TrentUniversity""";
291;"""nus""";
292;"""ShitAmericansSay""";
293;"""Network""";
294;"""dubai""";
295;"""cscareerquestions""";
296;"""Windows10""";
297;"""Astronomy""";
298;"""jobs""";
299;"""civcrafter""";
300;"""infp""";
301;"""ShadowBan""";
302;"""SampleSize""";
303;"""LivingMas""";
304;"""DHExchange""";
305;"""dankmemes""";
306;"""WeAreTheMusicMakers""";
307;"""askadentist""";
308;"""ontario""";
309;"""EDM""";
310;"""Surface""";
311;"""engineer""";
312;"""OldSchoolCool""";
313;"""javahelp""";
314;"""MbtiTypeMe""";
315;"""chronotrigger""";
316;"""Market76""";
317;"""AskEngineers""";
318;"""mythbusters""";
319;"""StarWars""";
320;"""ActualPublicFreakouts""";
321;"""abortion""";
322;"""Advice""";
323;"""medicine""";
324;"""fican""";
325;"""localgirlshookups""";
326;"""OutOfTheLoop""";
327;"""HotWheels""";
328;"""DHgate""";
329;"""grindr""";
330;"""u_scienceaxe90""";
331;"""lookatmydog""";
332;"""nattyorjuice""";
333;"""FlashTV""";
334;"""AskMenOver30""";
335;"""paradoxpolitics""";
336;"""PersiaDidNothingWrong""";
337;"""movies""";
338;"""MinecraftMemes""";
339;"""ABCDesis""";
340;"""DragonsDogma""";
341;"""poker""";
342;"""rs2vietnam""";
343;"""Gintama""";
344;"""beards""";
345;"""PartneredYoutube""";
346;"""lifting""";
347;"""TheDragonPrince""";
348;"""RecruitCS""";
349;"""neuroscience""";
350;"""Games""";
351;"""history""";
352;"""goodanimemes""";
353;"""econhw""";
354;"""VideoGameDealsCanada""";
355;"""bootroom""";
356;"""HeistTeams""";
357;"""youtube""";
358;"""eagles""";
359;"""footballhighlights""";
360;"""Twitch""";
361;"""PickAnAndroidForMe""";
362;"""news""";
363;"""Warframe""";
364;"""friends_tv_show""";
365;"""edge""";
366;"""ifyoulikeblank""";
367;"""iRacing""";
368;"""CanadaCoronavirus""";
369;"""askdentists""";
370;"""LoveForLandlords""";
371;"""entj""";
372;"""Microbiome""";
373;"""Veterinary""";
374;"""Gold""";
375;"""NoStupidQuestions""";
376;"""AskAmericans""";
377;"""CovIdiots""";
378;"""nsfw_zhentai""";
379;"""ShitPostCrusaders""";
380;"""expats""";
381;"""space""";
382;"""wargame""";
383;"""GuestBlogging""";
384;"""GamingLaptops""";
385;"""AskMen""";
386;"""LSAT""";
387;"""pokemongo""";
388;"""bapcsalescanada""";
389;"""Accounting""";
390;"""TheOriginals""";
391;"""mbti""";
392;"""LockdownSkepticism""";
393;"""bapccanada""";
394;"""acne""";
395;"""trees""";
396;"""domyhomeworkforme""";
397;"""GlobalOffensiveTrade""";
398;"""golf""";
399;"""MRU""";
400;"""PoliticalHumor""";
401;"""AskAcademia""";
402;"""shield""";
403;"""saxophone""";
404;"""SkincareAddiction""";
405;"""oneplus""";
406;"""PersonalFinanceCanada""";
407;"""INTJexperience""";
408;"""techsupport""";
409;"""PhysicsHelp""";
410;"""LoveForLawEnforcement""";
411;"""HikingAlberta""";
412;"""insaneparents""";
413;"""Endgame""";
414;"""bodyweightfitness""";
415;"""ENFP""";
416;"""Nioh""";
417;"""TimAndEric""";
418;"""sex""";
419;"""GirlGamers""";
420;"""FashionReps""";
421;"""MonsterHunterWorld""";
422;"""tropico""";
423;"""Watches""";
424;"""insects""";
425;"""CanadianInvestor""";
426;"""uAlberta""";
427;"""teslamotors""";
428;"""TheSilphRoad""";
429;"""Brampton""";
430;"""u_platonicfire42""";
431;"""rayban""";
432;"""medicalschool""";
433;"""pokemon""";
434;"""AskProfessors""";
435;"""FortNiteBR""";
436;"""holdmycosmo""";
437;"""Guitar""";
438;"""TheBoys""";
439;"""ReptimeBST""";
440;"""lawschooladmissions""";
441;"""AskDocs""";
442;"""ios""";
443;"""fo76""";
444;"""BikiniBottomTwitter""";
445;"""fuckramos""";
446;"""blackopscoldwar""";
447;"""xbox""";
448;"""potplayer""";
449;"""macgaming""";
450;"""SeishunButaYarou""";
451;"""unexpectedhogwarts""";
452;"""ImmigrationCanada""";
453;"""6thForm""";
454;"""uwaterloo""";
455;"""HunterXHunter""";
456;"""FreeKarma4U""";
457;"""CheggAnswers""";
458;"""Steam""";
459;"""optometry""";
460;"""EngineeringStudents""";
461;"""medicalschoolEU""";
462;"""Zoom""";
463;"""askwomenadvice""";
464;"""Silverbugs""";
465;"""UberEATS""";
466;"""entp""";
467;"""CaneCorso""";
468;"""costochondritis""";
469;"""MBA""";
470;"""nba""";
471;"""jackstauber""";
472;"""jurassicworldevo""";
473;"""Harvard""";
474;"""Monitors""";
475;"""neuro""";
476;"""Cow""";
477;"""GiftofGames""";
478;"""SurreyBC""";
479;"""velvethippos""";
480;"""travel""";
481;"""IWantToLearn""";
482;"""memes""";
483;"""formula1""";
484;"""translator""";
485;"""trollingforababy""";
486;"""vagabondmanga""";
487;"""PS4""";
488;"""CrusaderKings""";
489;"""Toyota""";
490;"""UnresolvedMysteries""";
491;"""DentalSchool""";
492;"""AmongUs""";
493;"""u_girlwitheyebrows""";
494;"""Persona5""";
495;"""musicproduction""";
496;"""germany""";
497;"""Egypt""";
498;"""russia""";
499;"""StardustCrusaders""";
500;"""PoliticalScience""";
501;"""MurderedByWords""";
502;"""makinghiphop""";
503;"""FACEITEnhancer""";
504;"""theivyleague""";
505;"""FIFA""";
506;"""OculusQuest""";
507;"""korea""";
508;"""DarkHumorAndMemes""";
509;"""Autoflowers""";
510;"""internetparents""";
511;"""forhire""";
512;"""Spanish""";
513;"""doordash_drivers""";
514;"""antinatalism""";
515;"""stanford""";
516;"""eu4""";
517;"""ParadoxExtra""";
518;"""canada""";
519;"""terriblefandommemes""";
520;"""toronto""";
521;"""college""";
522;"""Angryupvote""";
523;"""whatsthisbug""";
524;"""Banking""";
525;"""isfp""";
526;"""Animemes""";
527;"""askscience""";
528;"""GoldHunt""";
529;"""PoliticalCompassMemes""";
530;"""india""";
531;"""amiugly""";
532;"""Periods""";
533;"""relationships""";
534;"""istp""";
535;"""actuallesbians""";
536;"""loseit""";
537;"""mbtimemes""";
538;"""neoliberal""";
539;"""rareinsults""";
540;"""Art""";
541;"""relationship_advice""";
542;"""referralcodes""";
543;"""Ergonomics""";
544;"""studyAbroad""";
545;"""Anxiety""";
546;"""predental""";
547;"""dragonage""";
548;"""buildmeapc""";
549;"""careerguidance""";
550;"""slavelabour""";
551;"""mcgill""";
552;"""puppy101""";
553;"""insanepeoplefacebook""";
554;"""FACEITcom""";
555;"""Sneakers""";
556;"""pathofexile""";
557;"""FortNiteLFG""";
558;"""GamingLeaksAndRumours""";
559;"""PhotoshopRequest""";
560;"""nbadiscussion""";
561;"""Nelk""";
562;"""infj""";
563;"""NarcoFootage""";
564;"""enfj""";
565;"""Mafia""";
566;"""xbox360""";
567;"""hockey""";
568;"""meme""";
569;"""insomnia""";
570;"""antimaskers""";
571;"""engineering""";
572;"""Jreg""";
573;"""WhiteClaw""";
574;"""DiWHY""";
575;"""Sekiro""";
576;"""printmaking""";
577;"""AskACanadian""";
578;"""EICERB""";
579;"""torontoraptors""";
580;"""ABraThatFits""";
581;"""DecidingToBeBetter""";
582;"""obs""";
583;"""Candida""";
584;"""u_trisdank""";
585;"""KissAnime""";
586;"""Rottweiler""";
587;"""GuitarHero""";
588;"""TameImpala""";
589;"""TEFL""";
590;"""AskReddit""";
591;"""mr2""";
592;"""CumHentai""";
593;"""darksouls""";
594;"""JoyDivision""";
595;"""iOSBeta""";
596;"""impregnation""";
597;"""Eldenring""";
598;"""rant""";
599;"""suicidebywords""";
600;"""askTO""";
601;"""NoFap""";
602;"""gameDevClassifieds""";
603;"""financialindependence""";
604;"""wallstreetbets""";
605;"""MedSchoolCanada""";
606;"""futurehouse""";
607;"""learnmath""";
608;"""leafs""";
609;"""csgo""";
610;"""fasting""";
611;"""Repsneakers""";
612;"""CostcoCanada""";
613;"""NetflixKingdom""";
614;"""MovieDetails""";
615;"""Residency""";
616;"""halo""";
617;"""UAE""";
618;"""mountaindew""";
619;"""JapaneseWatches""";
620;"""DoctorMike""";
621;"""streetwear""";
622;"""UNBGBBIIVCHIDCTIICBG""";
623;"""GlobalOffensive""";
624;"""options""";
625;"""bodybuilding""";
626;"""dannymullen""";
627;"""askcarsales""";
628;"""shopify""";
629;"""AUTOMOBILISTA""";
630;"""SAIT""";
631;"""facepalm""";
632;"""testimonials""";
633;"""Belgianmemes""";
634;"""DerScheisser""";
635;"""ApplyingToCollege""";
636;"""AlbertaHunting""";
637;"""AskEconomics""";
638;"""gainit""";
639;"""arabs""";
640;"""UofT""";
641;"""uwo""";
642;"""FreeKarma4You""";
643;"""soccer""";
644;"""Python""";
645;"""BatwomanTV""";
646;"""dragonquest""";
647;"""cannabiscultivation""";
648;"""corona""";
649;"""CasualConversation""";
650;"""NEWUOFCSTUDENTS""";
651;"""HistoryMemes""";
652;"""lisathepainfulrpg""";
653;"""stocks""";
654;"""TFABLinePorn""";
655;"""MbtiNSFW""";
656;"""YowamushiPedal""";
657;"""SeikoMods""";
658;"""veterinaryprofession""";
659;"""RogueCompany""";
660;"""buildapcforme""";
661;"""Gymshark""";
662;"""saab""";
663;"""personalfinance""";
664;"""AnimalCrossing""";
665;"""raisedbynarcissists""";
666;"""playstation""";
667;"""KRCJ""";
668;"""XboxSeriesXlS""";
669;"""HotGirlSex""";
670;"""CoronavirusCanada""";
671;"""PokemonGoMystic""";
672;"""Rainbow6""";
673;"""NintendoSwitch""";
674;"""ipl""";
675;"""cemu""";
676;"""CreamHeroes""";
677;"""LSD""";
678;"""u_hadiyaq""";
679;"""tarot""";
680;"""activision""";
681;"""intj""";
682;"""Baking""";
683;"""shoebots""";
